<?xml version="1.0" encoding="UTF-8"?>
<project-private xmlns="http://www.netbeans.org/ns/project-private/1">
    <editor-bookmarks xmlns="http://www.netbeans.org/ns/editor-bookmarks/2" lastBookmarkId="0"/>
    <open-files xmlns="http://www.netbeans.org/ns/projectui-open-files/2">
        <group>
            <file>file:/C:/Users/Compaq%2018/Desktop/Proyeto_Mercado1/src/Vista/Catalogo2.java</file>
            <file>file:/C:/Users/Compaq%2018/Desktop/Proyeto_Mercado1/src/Vista/Catalogo7.java</file>
            <file>file:/C:/Users/Compaq%2018/Desktop/Proyeto_Mercado1/src/Vista/Catalogo3.java</file>
            <file>file:/C:/Users/Compaq%2018/Desktop/Proyeto_Mercado1/src/Vista/Catalogo6.java</file>
            <file>file:/C:/Users/Compaq%2018/Desktop/Proyeto_Mercado1/src/Vista/Catalogo.java</file>
            <file>file:/C:/Users/Compaq%2018/Desktop/Proyeto_Mercado1/src/Vista/Catalogo8.java</file>
            <file>file:/C:/Users/Compaq%2018/Desktop/Proyeto_Mercado1/src/Vista/Catalogo1.java</file>
            <file>file:/C:/Users/Compaq%2018/Desktop/Proyeto_Mercado1/src/Vista/Catalogo4.java</file>
            <file>file:/C:/Users/Compaq%2018/Desktop/Proyeto_Mercado1/src/Vista/Catalogo5.java</file>
        </group>
    </open-files>
</project-private>
