<?xml version="1.0" encoding="UTF-8"?>
<project-private xmlns="http://www.netbeans.org/ns/project-private/1">
    <editor-bookmarks xmlns="http://www.netbeans.org/ns/editor-bookmarks/2" lastBookmarkId="0"/>
    <open-files xmlns="http://www.netbeans.org/ns/projectui-open-files/2">
        <group>
            <file>file:/C:/Users/Compaq%2018/Documents/NetBeansProjects/Proyeto_Mercado/src/Vista/JFrame.java</file>
            <file>file:/C:/Users/Compaq%2018/Documents/NetBeansProjects/Proyeto_Mercado/src/Controlador/UsuarioControlador.java</file>
            <file>file:/C:/Users/Compaq%2018/Documents/NetBeansProjects/Proyeto_Mercado/src/Vista/Catalogo1.java</file>
            <file>file:/C:/Users/Compaq%2018/Documents/NetBeansProjects/Proyeto_Mercado/src/Controlador/MercadoControlador.java</file>
            <file>file:/C:/Users/Compaq%2018/Documents/NetBeansProjects/Proyeto_Mercado/src/Modelo/Nodo.java</file>
            <file>file:/C:/Users/Compaq%2018/Documents/NetBeansProjects/Proyeto_Mercado/src/Controlador/Login.java</file>
            <file>file:/C:/Users/Compaq%2018/Documents/NetBeansProjects/Proyeto_Mercado/src/Modelo/Producto.java</file>
            <file>file:/C:/Users/Compaq%2018/Documents/NetBeansProjects/Proyeto_Mercado/src/Vista/CarritoC.java</file>
            <file>file:/C:/Users/Compaq%2018/Documents/NetBeansProjects/Proyeto_Mercado/src/Controlador/CarritoCompras.java</file>
            <file>file:/C:/Users/Compaq%2018/Documents/NetBeansProjects/Proyeto_Mercado/src/Modelo/ItemCarrito.java</file>
            <file>file:/C:/Users/Compaq%2018/Documents/NetBeansProjects/Proyeto_Mercado/src/Modelo/NodoCarrito.java</file>
        </group>
    </open-files>
</project-private>
